,Name,Team,Age,Apps,HeightCM,WeightKG
0,Bernd Leno,Arsenal,"
                04/03/1992 (29)
              ",100,190.0,83.0
1,Arthur Okonkwo,Arsenal,"
                09/09/2001 (20)
              ",0,198.0,
2,Karl Hein,Arsenal,"
                13/04/2002 (19)
              ",0,193.0,
3,Aaron Ramsdale,Arsenal,"
                14/05/1998 (23)
              ",79,188.0,77.0
4,Kieran Tierney,Arsenal,"
                05/06/1997 (24)
              ",49,178.0,70.0
5,Gabriel MagalhÃ£es,Arsenal,"
                19/12/1997 (23)
              ",27,190.0,78.0
6,Rob Holding,Arsenal,"
                20/09/1995 (26)
              ",71,189.0,75.0
7,CÃ©dric Soares,Arsenal,"
                31/08/1991 (30)
              ",138,172.0,67.0
8,Calum Chambers,Arsenal,"
                20/01/1995 (26)
              ",151,182.0,66.0
9,Pablo MarÃ­,Arsenal,"
                31/08/1993 (28)
              ",14,193.0,87.0
10,Sead Kolasinac,Arsenal,"
                20/06/1993 (28)
              ",79,183.0,85.0
11,Nuno Tavares,Arsenal,"
                26/01/2000 (21)
              ",4,183.0,75.0
12,Ben White,Arsenal,"
                08/10/1997 (24)
              ",41,182.0,78.0
13,Takehiro Tomiyasu,Arsenal,"
                05/11/1998 (22)
              ",4,188.0,70.0
14,Bukayo Saka,Arsenal,"
                05/09/2001 (20)
              ",66,178.0,65.0
15,Thomas Partey,Arsenal,"
                13/06/1993 (28)
              ",28,185.0,77.0
16,Mohamed Elneny,Arsenal,"
                11/07/1992 (29)
              ",70,180.0,70.0
17,Emile Smith Rowe,Arsenal,"
                28/07/2000 (21)
              ",29,182.0,79.0
18,Granit Xhaka,Arsenal,"
                27/09/1992 (29)
              ",165,185.0,82.0
19,Ainsley Maitland-Niles,Arsenal,"
                29/08/1997 (24)
              ",84,177.0,71.0
20,Albert Sambi Lokonga,Arsenal,"
                22/10/1999 (21)
              ",6,173.0,67.0
21,Martin Ãdegaard,Arsenal,"
                17/12/1998 (22)
              ",19,178.0,68.0
22,Alexandre Lacazette,Arsenal,"
                28/05/1991 (30)
              ",130,175.0,73.0
23,Pierre-Emerick Aubameyang,Arsenal,"
                18/06/1989 (32)
              ",120,187.0,80.0
24,Nicolas PÃ©pÃ©,Arsenal,"
                29/05/1995 (26)
              ",65,183.0,73.0
25,Eddie Nketiah,Arsenal,"
                30/05/1999 (22)
              ",38,175.0,72.0
26,Gabriel Martinelli,Arsenal,"
                18/06/2001 (20)
              ",30,178.0,75.0
27,Folarin Balogun,Arsenal U21,"
                03/07/2001 (20)
              ",2,178.0,66.0
28,Jed Steer,Aston Villa,"
                23/09/1992 (29)
              ",100,183.0,80.0
29,Emiliano MartÃ­nez,Aston Villa,"
                02/09/1992 (29)
              ",0,195.0,88.0
30,Viljami Sinisalo,Aston Villa,"
                11/10/2001 (20)
              ",0,,
31,Matthew Cash,Aston Villa,"
                07/08/1997 (24)
              ",79,185.0,
32,Ezri Konsa,Aston Villa,"
                23/10/1997 (23)
              ",49,183.0,77.0
33,Tyrone Mings,Aston Villa,"
                13/03/1993 (28)
              ",27,196.0,77.0
34,Matt Targett,Aston Villa,"
                18/09/1995 (26)
              ",71,183.0,70.0
35,Kortney Hause,Aston Villa,"
                16/07/1995 (26)
              ",138,191.0,77.0
36,Ashley Young,Aston Villa,"
                09/07/1985 (36)
              ",151,175.0,65.0
37,Axel Tuanzebe,Aston Villa  (Loan) ,"
                14/11/1997 (23)
              ",14,186.0,75.0
38,Axel Tuanzebe,Aston Villa  (Loan) ,"
                14/11/1997 (23)
              ",79,186.0,75.0
39,Sil Swinkels,Aston Villa U21,"
                06/01/2004 (17)
              ",4,,
40,Douglas Luiz,Aston Villa,"
                09/05/1998 (23)
              ",41,175.0,66.0
41,John McGinn,Aston Villa,"
                18/10/1994 (26)
              ",4,178.0,68.0
42,TrÃ©zÃ©guet,Aston Villa,"
                01/10/1994 (27)
              ",66,180.0,71.0
43,Marvelous Nakamba,Aston Villa,"
                19/01/1994 (27)
              ",28,178.0,71.0
44,Anwar El Ghazi,Aston Villa,"
                03/05/1995 (26)
              ",70,188.0,90.0
45,Morgan Sanson,Aston Villa,"
                18/08/1994 (27)
              ",29,180.0,73.0
46,Jacob Ramsey,Aston Villa,"
                28/05/2001 (20)
              ",165,,
47,Emiliano BuendÃ­a,Aston Villa,"
                25/12/1996 (24)
              ",84,172.0,72.0
48,Jaden Philogene-Bidace,Aston Villa,"
                08/02/2002 (19)
              ",6,,
49,Carney Chukwuemeka,Aston Villa,"
                20/10/2003 (17)
              ",19,,
50,Aaron Ramsey,Aston Villa U21,"
                21/01/2003 (18)
              ",130,,
51,Lamare Bogarde,Aston Villa,"
                05/01/2004 (17)
              ",120,,
52,Hayden Lindley,Aston Villa U21,"
                02/09/2002 (19)
              ",65,,
53,Ollie Watkins,Aston Villa,"
                30/12/1995 (25)
              ",38,180.0,70.0
54,Bertrand TraorÃ©,Aston Villa,"
                06/09/1995 (26)
              ",30,181.0,73.0
55,Keinan Davis,Aston Villa,"
                13/02/1998 (23)
              ",2,191.0,68.0
56,Leon Bailey,Aston Villa,"
                09/08/1997 (24)
              ",3,178.0,77.0
57,Danny Ings,Aston Villa,"
                23/07/1992 (29)
              ",59,178.0,73.0
58,Caleb Chukwuemeka,Aston Villa,"
                25/01/2002 (19)
              ",0,,
59,Cameron Archer,Aston Villa U21,"
                09/12/2001 (19)
              ",35,,
60,David Raya,Brentford,"
                15/09/1995 (26)
              ",100,183.0,80.0
61,Ãlvaro FernÃ¡ndez,Brentford,"
                13/04/1998 (23)
              ",0,185.0,75.0
62,Rico Henry,Brentford,"
                08/07/1997 (24)
              ",0,170.0,67.0
63,Charlie Goode,Brentford,"
                03/08/1995 (26)
              ",79,196.0,89.0
64,Ethan Pinnock,Brentford,"
                29/05/1993 (28)
              ",49,187.0,79.0
65,Pontus Jansson,Brentford,"
                13/02/1991 (30)
              ",27,194.0,89.0
66,Mads Bech SÃ¸rensen,Brentford,"
                07/01/1999 (22)
              ",71,189.0,92.0
67,Mads Roerslev,Brentford,"
                24/06/1999 (22)
              ",138,184.0,77.0
68,Dominic Thompson,Brentford,"
                26/07/2000 (21)
              ",151,,
69,Julian Jeanvier,Brentford,"
                31/03/1992 (29)
              ",14,185.0,84.0
70,Luka Racic,Brentford,"
                08/05/1999 (22)
              ",79,,
71,Finley Stevens,Brentford,"
                10/04/2003 (18)
              ",4,,
72,Lewis Gordon,Brentford,"
                12/02/2001 (20)
              ",41,,
73,Kristoffer Ajer,Brentford,"
                17/04/1998 (23)
              ",4,196.0,84.0
74,Zanka,Brentford,"
                23/04/1990 (31)
              ",66,191.0,79.0
75,Christian NÃ¸rgaard,Brentford,"
                10/03/1994 (27)
              ",28,187.0,76.0
76,Mathias Jensen,Brentford,"
                01/01/1996 (25)
              ",70,180.0,68.0
77,Josh Dasilva,Brentford,"
                23/10/1998 (22)
              ",29,184.0,75.0
78,Bryan Mbeumo,Brentford,"
                07/08/1999 (22)
              ",165,171.0,
79,Tariqe Fosu-Henry,Brentford,"
                05/11/1995 (25)
              ",84,180.0,75.0
80,Shandon Baptiste,Brentford,"
                08/04/1998 (23)
              ",6,175.0,71.0
81,Vitaly Janelt,Brentford,"
                10/05/1998 (23)
              ",19,184.0,79.0
82,Jan Zamburek,Brentford,"
                13/02/2001 (20)
              ",130,,
83,Mads Bidstrup,Brentford,"
                25/02/2001 (20)
              ",120,,
84,Maxwell Haygarth,Brentford,"
                21/01/2002 (19)
              ",65,,
85,Frank Onyeka,Brentford,"
                01/01/1998 (23)
              ",38,183.0,
86,Myles Peart-Harris,Brentford,"
                18/09/2002 (19)
              ",30,,
87,Yoane Wissa,Brentford,"
                03/09/1996 (25)
              ",2,176.0,74.0
88,Sergi CanÃ³s,Brentford,"
                02/02/1997 (24)
              ",3,177.0,75.0
89,Marcus Forss,Brentford,"
                18/06/1999 (22)
              ",59,182.0,76.0
90,Ivan Toney,Brentford,"
                16/03/1996 (25)
              ",0,179.0,70.0
91,Saman Ghoddos,Brentford,"
                06/09/1993 (28)
              ",35,176.0,75.0
92,Jason Steele,Brighton and Hove Albion,"
                18/08/1990 (31)
              ",100,188.0,79.0
93,Robert SÃ¡nchez,Brighton and Hove Albion,"
                18/11/1997 (23)
              ",0,197.0,90.0
94,Kjell Scherpen,Brighton and Hove Albion,"
                23/01/2000 (21)
              ",0,202.0,85.0
95,Thomas McGill,Brighton & Hove Albion,"
                25/03/2000 (21)
              ",79,,
96,Tariq Lamptey,Brighton and Hove Albion,"
                30/09/2000 (21)
              ",49,,
97,Adam Webster,Brighton and Hove Albion,"
                04/01/1995 (26)
              ",27,191.0,75.0
98,Lewis Dunk,Brighton and Hove Albion,"
                21/11/1991 (29)
              ",71,192.0,88.0
99,Dan Burn,Brighton and Hove Albion,"
                09/05/1992 (29)
              ",138,198.0,87.0
100,JoÃ«l Veltman,Brighton and Hove Albion,"
                15/01/1992 (29)
              ",151,184.0,75.0
101,Shane Duffy,Brighton and Hove Albion,"
                01/01/1992 (29)
              ",14,193.0,76.0
102,Haydon Roberts,Brighton and Hove Albion,"
                10/05/2002 (19)
              ",79,,
103,James Furlong,Brighton & Hove Albion,"
                07/06/2002 (19)
              ",4,,
104,Odeluga Offiah,Brighton & Hove Albion,"
                26/10/2002 (18)
              ",41,,
105,Antef Tsoungui,Brighton & Hove Albion,"
                30/12/2002 (18)
              ",4,,
106,Marc Cucurella,Brighton and Hove Albion,"
                22/07/1998 (23)
              ",66,172.0,66.0
107,Tudor Baluta,Brighton and Hove Albion,"
                27/03/1999 (22)
              ",28,192.0,80.0
108,Ed Turns,Brighton and Hove Albion,"
                18/10/2002 (18)
              ",70,,
109,Yves Bissouma,Brighton and Hove Albion,"
                30/08/1996 (25)
              ",29,182.0,80.0
110,Alexis Mac Allister,Brighton and Hove Albion,"
                24/12/1998 (22)
              ",165,176.0,72.0
111,Pascal GroÃ,Brighton and Hove Albion,"
                15/06/1991 (30)
              ",84,181.0,78.0
112,Adam Lallana,Brighton and Hove Albion,"
                10/05/1988 (33)
              ",6,172.0,73.0
113,Jakub Moder,Brighton and Hove Albion,"
                07/04/1999 (22)
              ",19,188.0,78.0
114,Steven Alzate,Brighton and Hove Albion,"
                08/09/1998 (23)
              ",130,180.0,75.0
115,Solly March,Brighton and Hove Albion,"
                20/07/1994 (27)
              ",120,180.0,88.0
116,Enock Mwepu,Brighton and Hove Albion,"
                01/01/1998 (23)
              ",65,184.0,76.0
117,Taylor Richards,Brighton & Hove Albion,"
                04/12/2000 (20)
              ",38,180.0,
118,Marc Leonard,Brighton & Hove Albion,"
                19/12/2001 (19)
              ",30,,
119,Andrew Moran,Brighton & Hove Albion,"
                15/10/2003 (18)
              ",2,,
120,Aaron Connolly,Brighton and Hove Albion,"
                28/01/2000 (21)
              ",3,,
121,Neal Maupay,Brighton and Hove Albion,"
                14/08/1996 (25)
              ",59,173.0,69.0
122,Leandro Trossard,Brighton and Hove Albion,"
                04/12/1994 (26)
              ",0,171.0,61.0
123,Danny Welbeck,Brighton and Hove Albion,"
                26/11/1990 (30)
              ",35,185.0,73.0
124,Evan Ferguson,Brighton & Hove Albion,"
                19/10/2004 (16)
              ",68,,
125,JÃ¼rgen Locadia,Brighton and Hove Albion,"
                07/11/1993 (27)
              ",92,187.0,88.0
126,Jeremy Sarmiento,Brighton and Hove Albion,"
                16/06/2002 (19)
              ",115,,
127,Nick Pope,Burnley,"
                19/04/1992 (29)
              ",100,191.0,76.0
128,Will Norris,Burnley,"
                12/08/1993 (28)
              ",0,195.0,74.0
129,Wayne Hennessey,Burnley,"
                24/01/1987 (34)
              ",0,198.0,90.0
130,Matthew Lowton,Burnley,"
                09/06/1989 (32)
              ",79,180.0,78.0
131,Charlie Taylor,Burnley,"
                18/09/1993 (28)
              ",49,176.0,70.0
132,James Tarkowski,Burnley,"
                19/11/1992 (28)
              ",27,185.0,81.0
133,Ben Mee,Burnley,"
                21/09/1989 (32)
              ",71,180.0,74.0
134,Erik Pieters,Burnley,"
                07/08/1988 (33)
              ",138,183.0,84.0
135,Phil Bardsley,Burnley,"
                28/06/1985 (36)
              ",151,180.0,74.0
136,Kevin Long,Burnley,"
                18/08/1990 (31)
              ",14,188.0,83.0
137,Nathan Collins,Burnley,"
                30/04/2001 (20)
              ",79,193.0,
138,Bobby Thomas,Burnley,"
                30/01/2001 (20)
              ",4,,
139,Owen Dodgson,Burnley,"
                19/03/2003 (18)
              ",41,,
140,Maxwel Cornet,Burnley,"
                27/09/1996 (25)
              ",4,179.0,69.0
141,Connor Roberts,Burnley,"
                23/09/1995 (26)
              ",66,175.0,71.0
142,Jack Cork,Burnley,"
                25/06/1989 (32)
              ",28,183.0,70.0
143,JÃ³hann Gudmundsson,Burnley,"
                27/10/1990 (30)
              ",70,186.0,78.0
144,Josh Brownhill,Burnley,"
                19/12/1995 (25)
              ",29,180.0,69.0
145,Dwight McNeil,Burnley,"
                22/11/1999 (21)
              ",165,183.0,68.0
146,Dale Stephens,Burnley,"
                12/06/1989 (32)
              ",84,169.0,71.0
147,Ashley Westwood,Burnley,"
                01/04/1990 (31)
              ",6,175.0,80.0
148,Lewis Richardson,Burnley,"
                07/02/2003 (18)
              ",19,,
149,Aaron Lennon,Burnley,"
                16/04/1987 (34)
              ",130,165.0,63.0
150,Chris Wood,Burnley,"
                07/12/1991 (29)
              ",120,191.0,81.0
151,Ashley Barnes,Burnley,"
                30/10/1989 (31)
              ",65,186.0,77.0
152,Jay Rodriguez,Burnley,"
                29/07/1989 (32)
              ",38,185.0,84.0
153,Matej Vydra,Burnley,"
                01/05/1992 (29)
              ",30,180.0,71.0
154,Kepa Arrizabalaga,Chelsea,"
                03/10/1994 (27)
              ",100,189.0,84.0
155,Ãdouard Mendy,Chelsea,"
                01/03/1992 (29)
              ",0,197.0,86.0
156,Marcus Bettinelli,Chelsea,"
                24/05/1992 (29)
              ",0,194.0,82.0
157,Lucas BergstrÃ¶m,Chelsea,"
                05/09/2002 (19)
              ",79,,
158,Antonio RÃ¼diger,Chelsea,"
                03/03/1993 (28)
              ",49,190.0,85.0
159,Marcos Alonso,Chelsea,"
                28/12/1990 (30)
              ",27,188.0,84.0
160,Andreas Christensen,Chelsea,"
                10/04/1996 (25)
              ",71,187.0,82.0
161,Thiago Silva,Chelsea,"
                22/09/1984 (37)
              ",138,183.0,79.0
162,Ben Chilwell,Chelsea,"
                21/12/1996 (24)
              ",151,178.0,77.0
163,Reece James,Chelsea U21,"
                08/12/1999 (21)
              ",14,182.0,82.0
164,CÃ©sar Azpilicueta,Chelsea,"
                28/08/1989 (32)
              ",79,178.0,76.0
165,Trevoh Chalobah,Chelsea,"
                05/07/1999 (22)
              ",4,190.0,75.0
166,Malang Sarr,Chelsea,"
                23/01/1999 (22)
              ",41,182.0,73.0
167,Xavier Mbuyamba,Chelsea,"
                31/12/2001 (19)
              ",4,,
168,Jorginho,Chelsea,"
                20/12/1991 (29)
              ",66,180.0,65.0
169,N'Golo KantÃ©,Chelsea,"
                29/03/1991 (30)
              ",28,168.0,68.0
170,Christian Pulisic,Chelsea,"
                18/09/1998 (23)
              ",70,172.0,69.0
171,Mateo Kovacic,Chelsea,"
                06/05/1994 (27)
              ",29,178.0,78.0
172,Mason Mount,Chelsea,"
                10/01/1999 (22)
              ",165,178.0,70.0
173,Hakim Ziyech,Chelsea,"
                19/03/1993 (28)
              ",84,180.0,65.0
174,Kai Havertz,Chelsea,"
                11/06/1999 (22)
              ",6,188.0,83.0
175,Ruben Loftus-Cheek,Chelsea,"
                23/01/1996 (25)
              ",19,191.0,88.0
176,SaÃºl ÃÃ­guez,Chelsea  (Loan) ,"
                21/11/1994 (26)
              ",130,184.0,76.0
177,Ross Barkley,Aston Villa  (Loan) ,"
                05/12/1993 (27)
              ",120,189.0,76.0
178,Timo Werner,Chelsea,"
                06/03/1996 (25)
              ",65,180.0,75.0
179,Callum Hudson-Odoi,Chelsea U21,"
                07/11/2000 (20)
              ",38,182.0,76.0
180,Romelu Lukaku,Chelsea,"
                13/05/1993 (28)
              ",30,190.0,93.0
181,Jack Butland,Crystal Palace,"
                10/03/1993 (28)
              ",100,196.0,95.0
182,Vicente Guaita,Crystal Palace,"
                10/01/1987 (34)
              ",0,190.0,81.0
183,Remi Matthews,Crystal Palace,"
                10/02/1994 (27)
              ",0,184.0,78.0
184,Joel Ward,Crystal Palace,"
                29/10/1989 (31)
              ",79,188.0,83.0
185,James Tomkins,Crystal Palace,"
                29/03/1989 (32)
              ",49,192.0,74.0
186,Nathaniel Clyne,Crystal Palace,"
                05/04/1991 (30)
              ",27,175.0,67.0
187,Tyrick Mitchell,Crystal Palace,"
                01/09/1999 (22)
              ",71,,
188,Martin Kelly,Crystal Palace,"
                27/04/1990 (31)
              ",138,191.0,77.0
189,Nathan Ferguson,Crystal Palace,"
                06/10/2000 (21)
              ",151,178.0,74.0
190,Marc GuÃ©hi,Crystal Palace,"
                13/07/2000 (21)
              ",14,182.0,82.0
191,Joachim Andersen,Crystal Palace,"
                31/05/1996 (25)
              ",79,192.0,90.0
192,Reece Hannam,Crystal Palace,"
                11/09/2000 (21)
              ",4,,
193,Luka Milivojevic,Crystal Palace,"
                07/04/1991 (30)
              ",41,186.0,80.0
194,Cheikhou KouyatÃ©,Crystal Palace,"
                21/12/1989 (31)
              ",4,189.0,83.0
195,Jeffrey Schlupp,Crystal Palace,"
                23/12/1992 (28)
              ",66,178.0,72.0
196,James McArthur,Crystal Palace,"
                07/10/1987 (34)
              ",28,178.0,75.0
197,Eberechi Eze,Crystal Palace,"
                29/06/1998 (23)
              ",70,,
198,Jairo Riedewald,Crystal Palace,"
                09/09/1996 (25)
              ",29,182.0,79.0
199,Michael Olise,Crystal Palace,"
                12/12/2001 (19)
              ",165,176.0,
200,Conor Gallagher,Crystal Palace  (Loan) ,"
                06/02/2000 (21)
              ",84,182.0,
201,Jesurun Rak-Sakyi,Crystal Palace,"
                05/10/2002 (19)
              ",6,,
202,Will Hughes,Crystal Palace,"
                17/04/1995 (26)
              ",19,185.0,74.0
203,Jordan Ayew,Crystal Palace,"
                11/09/1991 (30)
              ",130,182.0,80.0
204,Wilfried Zaha,Crystal Palace,"
                10/11/1992 (28)
              ",120,180.0,66.0
205,Jean-Philippe Mateta,Crystal Palace  (Loan) ,"
                28/06/1997 (24)
              ",65,192.0,88.0
206,Christian Benteke,Crystal Palace,"
                03/12/1990 (30)
              ",38,190.0,83.0
207,Robert Street,Crystal Palace,"
                26/09/2001 (20)
              ",30,,
208,Scott Banks,Crystal Palace,"
                26/09/2001 (20)
              ",2,,
209,Odsonne Ãdouard,Crystal Palace,"
                16/01/1998 (23)
              ",3,187.0,83.0
210,Jordan Pickford,Everton,"
                07/03/1994 (27)
              ",100,185.0,77.0
211,Asmir Begovic,Everton,"
                20/06/1987 (34)
              ",0,199.0,101.0
212,Andy Lonergan,Everton,"
                19/10/1983 (37)
              ",0,192.0,87.0
213,Mason Holgate,Everton,"
                22/10/1996 (24)
              ",79,184.0,63.0
214,Michael Keane,Everton,"
                11/01/1993 (28)
              ",49,191.0,82.0
215,Lucas Digne,Everton,"
                20/07/1993 (28)
              ",27,178.0,74.0
216,Yerry Mina,Everton,"
                23/09/1994 (27)
              ",71,195.0,94.0
217,Ben Godfrey,Everton,"
                15/01/1998 (23)
              ",138,183.0,74.0
218,SÃ©amus Coleman,Everton,"
                11/10/1988 (33)
              ",151,177.0,67.0
219,Jonjoe Kenny,Everton,"
                15/03/1997 (24)
              ",14,176.0,67.0
220,Jarrad Branthwaite,Everton,"
                27/06/2002 (19)
              ",79,195.0,82.0
221,Allan,Everton,"
                08/01/1991 (30)
              ",4,173.0,73.0
222,Fabian Delph,Everton,"
                21/11/1989 (31)
              ",41,174.0,60.0
223,Gylfi Sigurdsson,Everton,"
                08/09/1989 (32)
              ",4,186.0,79.0
224,Abdoulaye DoucourÃ©,Everton,"
                01/01/1993 (28)
              ",66,184.0,75.0
225,AndrÃ© Gomes,Everton,"
                30/07/1993 (28)
              ",28,188.0,84.0
226,Jean-Philippe Gbamin,Everton,"
                25/09/1995 (26)
              ",70,186.0,83.0
227,Tom Davies,Everton,"
                30/06/1998 (23)
              ",29,180.0,70.0
228,Andros Townsend,Everton,"
                16/07/1991 (30)
              ",165,181.0,77.0
229,Charlie Whitaker,Everton,"
                16/09/2003 (18)
              ",84,,
230,Richarlison,Everton,"
                10/05/1997 (24)
              ",6,184.0,83.0
231,Dominic Calvert-Lewin,Everton,"
                16/03/1997 (24)
              ",19,187.0,71.0
232,Alex Iwobi,Everton,"
                03/05/1996 (25)
              ",130,180.0,75.0
233,Cenk Tosun,Everton,"
                07/06/1991 (30)
              ",120,183.0,78.0
234,Demarai Gray,Everton,"
                28/06/1996 (25)
              ",65,180.0,74.0
235,Anthony Gordon,Everton,"
                24/02/2001 (20)
              ",38,,
236,SalomÃ³n RondÃ³n,Everton,"
                16/09/1989 (32)
              ",30,186.0,98.0
237,Ellis Simms,Everton,"
                05/01/2001 (20)
              ",2,,
238,Lewis Dobbin,Everton,"
                03/01/2003 (18)
              ",3,,
239,Illan Meslier,Leeds United,"
                02/03/2000 (21)
              ",100,193.0,74.0
240,Kristoffer Klaesson,Leeds United,"
                27/11/2000 (20)
              ",0,189.0,76.0
241,Luke Ayling,Leeds United,"
                25/08/1991 (30)
              ",0,185.0,72.0
242,Robin Koch,Leeds United,"
                17/07/1996 (25)
              ",79,192.0,85.0
243,Liam Cooper,Leeds United,"
                30/08/1991 (30)
              ",49,180.0,73.0
244,Diego Llorente,Leeds United,"
                16/08/1993 (28)
              ",27,186.0,75.0
245,Pascal Struijk,Leeds United,"
                11/08/1999 (22)
              ",71,190.0,
246,Laurens De Bock,Leeds United,"
                07/11/1992 (28)
              ",138,179.0,74.0
247,Junior Firpo,Leeds United,"
                22/08/1996 (25)
              ",151,184.0,78.0
248,Charlie Cresswell,Leeds United,"
                17/08/2002 (19)
              ",14,,
249,Cody Drameh,Leeds United,"
                08/12/2001 (19)
              ",79,,
250,Leo Fuhr Hjelde,Leeds United,"
                26/08/2003 (18)
              ",4,,
251,Adam Forshaw,Leeds United,"
                08/10/1991 (30)
              ",41,174.0,71.0
252,Stuart Dallas,Leeds United,"
                19/04/1991 (30)
              ",4,183.0,81.0
253,Kalvin Phillips,Leeds United,"
                02/12/1995 (25)
              ",66,178.0,72.0
254,Mateusz Klich,Leeds United,"
                13/06/1990 (31)
              ",28,183.0,84.0
255,Jamie Shackleton,Leeds United,"
                08/10/1999 (22)
              ",70,168.0,65.0
256,Jack Harrison,Leeds United,"
                20/11/1996 (24)
              ",29,175.0,70.0
257,Crysencio Summerville,Leeds United,"
                30/10/2001 (19)
              ",165,174.0,
258,Liam McCarron,Leeds United,"
                07/03/2001 (20)
              ",84,175.0,
259,Daniel James,Leeds United,"
                10/11/1997 (23)
              ",6,171.0,76.0
260,Stuart McKinstry,Leeds United,"
                18/09/2002 (19)
              ",19,,
261,Nohan Kenneh,Leeds United,"
                10/01/2003 (18)
              ",130,,
262,Patrick Bamford,Leeds United,"
                05/09/1993 (28)
              ",120,185.0,71.0
263,Tyler Roberts,Leeds United,"
                12/01/1999 (22)
              ",65,180.0,75.0
264,Raphinha,Leeds United,"
                14/12/1996 (24)
              ",38,176.0,68.0
265,Rodrigo,Leeds United,"
                06/03/1991 (30)
              ",30,182.0,77.0
266,Sam Greenwood,Leeds United,"
                26/01/2002 (19)
              ",2,185.0,
267,Joe Gelhardt,Leeds United,"
                04/05/2002 (19)
              ",3,175.0,65.0
268,Kasper Schmeichel,Leicester City,"
                05/11/1986 (34)
              ",100,189.0,89.0
269,Danny Ward,Leicester City,"
                22/06/1993 (28)
              ",0,191.0,88.0
270,Eldin Jakupovic,Leicester City,"
                02/10/1984 (37)
              ",0,191.0,85.0
271,James Justin,Leicester City,"
                23/02/1998 (23)
              ",79,183.0,80.0
272,Wesley Fofana,Leicester City,"
                17/12/2000 (20)
              ",49,190.0,
273,Ãaglar SÃ¶yÃ¼ncÃ¼,Leicester City,"
                23/05/1996 (25)
              ",27,185.0,82.0
274,Jonny Evans,Leicester City,"
                03/01/1988 (33)
              ",71,188.0,77.0
275,Daniel Amartey,Leicester City,"
                21/12/1994 (26)
              ",138,186.0,79.0
276,Ricardo Pereira,Leicester City,"
                06/10/1993 (28)
              ",151,175.0,70.0
277,Timothy Castagne,Leicester City,"
                05/12/1995 (25)
              ",14,185.0,80.0
278,Luke Thomas,Leicester City,"
                10/06/2001 (20)
              ",79,,
279,Filip Benkovic,Leicester City,"
                13/07/1997 (24)
              ",4,194.0,80.0
280,Ryan Bertrand,Leicester City,"
                05/08/1989 (32)
              ",41,179.0,85.0
281,Jannik Vestergaard,Leicester City,"
                03/08/1992 (29)
              ",4,199.0,98.0
282,Vontae Daley-Campbell,Leicester City,"
                02/04/2001 (20)
              ",66,,
283,Ben Nelson,Leicester City,"
                18/03/2004 (17)
              ",28,,
284,Youri Tielemans,Leicester City,"
                07/05/1997 (24)
              ",70,176.0,72.0
285,James Maddison,Leicester City,"
                23/11/1996 (24)
              ",29,175.0,73.0
286,Marc Albrighton,Leicester City,"
                18/11/1989 (31)
              ",165,175.0,74.0
287,Harvey Barnes,Leicester City,"
                09/12/1997 (23)
              ",84,174.0,66.0
288,Hamza Choudhury,Leicester City,"
                01/10/1997 (24)
              ",6,178.0,64.0
289,Nampalys Mendy,Leicester City,"
                23/06/1992 (29)
              ",19,167.0,73.0
290,Wilfred Ndidi,Leicester City,"
                16/12/1996 (24)
              ",130,183.0,74.0
291,Boubakary SoumarÃ©,Leicester City,"
                27/02/1999 (22)
              ",120,188.0,70.0
292,Kiernan Dewsbury-Hall,Leicester City,"
                06/09/1998 (23)
              ",65,,
293,Thanawat Suengchitthawon,Leicester City,"
                08/01/2000 (21)
              ",38,,
294,Jamie Vardy,Leicester City,"
                11/01/1987 (34)
              ",30,179.0,74.0
295,Kelechi Iheanacho,Leicester City,"
                03/10/1996 (25)
              ",2,185.0,82.0
296,Ayoze PÃ©rez,Leicester City,"
                29/07/1993 (28)
              ",3,178.0,72.0
297,Patson Daka,Leicester City,"
                09/10/1998 (23)
              ",59,183.0,71.0
298,Ademola Lookman,Leicester City  (Loan) ,"
                20/10/1997 (23)
              ",0,174.0,71.0
299,Alisson,Liverpool,"
                02/10/1992 (29)
              ",100,191.0,91.0
300,AdriÃ¡n,Liverpool,"
                03/01/1987 (34)
              ",0,190.0,80.0
301,Caoimhin Kelleher,Liverpool,"
                23/11/1998 (22)
              ",0,178.0,74.0
302,Loris Karius,Liverpool,"
                22/06/1993 (28)
              ",79,189.0,87.0
303,Virgil van Dijk,Liverpool,"
                08/07/1991 (30)
              ",49,193.0,92.0
304,Joseph Gomez,Liverpool,"
                23/05/1997 (24)
              ",27,188.0,77.0
305,Konstantinos Tsimikas,Liverpool,"
                12/05/1996 (25)
              ",71,178.0,77.0
306,Andrew Robertson,Liverpool,"
                11/03/1994 (27)
              ",138,178.0,64.0
307,Joel Matip,Liverpool,"
                08/08/1991 (30)
              ",151,195.0,90.0
308,Nathaniel Phillips,Liverpool,"
                21/03/1997 (24)
              ",14,190.0,
309,Trent Alexander-Arnold,Liverpool,"
                07/10/1998 (23)
              ",79,175.0,69.0
310,Neco Williams,Liverpool,"
                13/04/2001 (20)
              ",4,183.0,72.0
311,Ibrahima KonatÃ©,Liverpool,"
                25/05/1999 (22)
              ",41,194.0,95.0
312,Fabinho,Liverpool,"
                23/10/1993 (27)
              ",4,188.0,78.0
313,Thiago,Liverpool,"
                11/04/1991 (30)
              ",66,174.0,70.0
314,James Milner,Liverpool,"
                04/01/1986 (35)
              ",28,175.0,70.0
315,Naby KeÃ¯ta,Liverpool,"
                10/02/1995 (26)
              ",70,172.0,64.0
316,Jordan Henderson,Liverpool,"
                17/06/1990 (31)
              ",29,182.0,67.0
317,Alex Oxlade-Chamberlain,Liverpool,"
                15/08/1993 (28)
              ",165,180.0,70.0
318,Curtis Jones,Liverpool,"
                30/01/2001 (20)
              ",84,185.0,75.0
319,Harvey Elliott,Liverpool,"
                04/04/2003 (18)
              ",6,170.0,
320,James Balagizi,Liverpool,"
                20/09/2003 (18)
              ",19,,
321,Tyler Morton,Liverpool,"
                31/10/2002 (18)
              ",130,,
322,Conor Bradley,Liverpool,"
                09/07/2003 (18)
              ",120,,
323,Roberto Firmino,Liverpool,"
                02/10/1991 (30)
              ",65,181.0,76.0
324,Sadio ManÃ©,Liverpool,"
                10/04/1992 (29)
              ",38,175.0,69.0
325,Mohamed Salah,Liverpool,"
                15/06/1992 (29)
              ",30,175.0,71.0
326,Diogo Jota,Liverpool,"
                04/12/1996 (24)
              ",2,178.0,68.0
327,Divock Origi,Liverpool,"
                18/04/1995 (26)
              ",3,185.0,75.0
328,Takumi Minamino,Liverpool,"
                16/01/1995 (26)
              ",59,174.0,68.0
329,Kaide Gordon,Liverpool,"
                05/10/2004 (17)
              ",0,,
330,Zack Steffen,Manchester City,"
                02/04/1995 (26)
              ",100,191.0,86.0
331,Ederson,Manchester City,"
                17/08/1993 (28)
              ",0,188.0,86.0
332,Scott Carson,Manchester City,"
                03/09/1985 (36)
              ",0,190.0,76.0
333,Cieran Slicker,Manchester City,"
                15/09/2002 (19)
              ",79,,
334,Kyle Walker,Manchester City,"
                28/05/1990 (31)
              ",49,178.0,70.0
335,RÃºben Dias,Manchester City,"
                14/05/1997 (24)
              ",27,186.0,76.0
336,John Stones,Manchester City,"
                28/05/1994 (27)
              ",71,188.0,70.0
337,Nathan AkÃ©,Manchester City,"
                18/02/1995 (26)
              ",138,180.0,75.0
338,Oleksandr Zinchenko,Manchester City,"
                15/12/1996 (24)
              ",151,175.0,64.0
339,Aymeric Laporte,Manchester City,"
                27/05/1994 (27)
              ",14,191.0,86.0
340,Benjamin Mendy,Manchester City,"
                17/07/1994 (27)
              ",79,185.0,85.0
341,JoÃ£o Cancelo,Manchester City,"
                27/05/1994 (27)
              ",4,182.0,74.0
342,Luke Mbete,Manchester City,"
                18/09/2003 (18)
              ",41,,
343,Joshua Wilson-Esbrand,Manchester City,"
                26/12/2002 (18)
              ",4,,
344,CJ Egan-Riley,Manchester City,"
                02/01/2003 (18)
              ",66,,
345,Finley Burns,Manchester City,"
                17/06/2003 (18)
              ",28,,
346,Ilkay GÃ¼ndogan,Manchester City,"
                24/10/1990 (30)
              ",70,180.0,80.0
347,Rodri,Manchester City,"
                22/06/1996 (25)
              ",29,191.0,82.0
348,Kevin De Bruyne,Manchester City,"
                28/06/1991 (30)
              ",165,181.0,68.0
349,Bernardo Silva,Manchester City,"
                10/08/1994 (27)
              ",84,173.0,64.0
350,Fernandinho,Manchester City,"
                04/05/1985 (36)
              ",6,179.0,67.0
351,Phil Foden,Manchester City,"
                28/05/2000 (21)
              ",19,171.0,70.0
352,Jack Grealish,Manchester City,"
                10/09/1995 (26)
              ",130,175.0,68.0
353,Cole Palmer,Manchester City,"
                06/05/2002 (19)
              ",120,,
354,Romeo Lavia,Manchester City,"
                06/01/2004 (17)
              ",65,,
355,James McAtee,Manchester City,"
                18/10/2002 (18)
              ",38,,
356,Raheem Sterling,Manchester City,"
                08/12/1994 (26)
              ",30,170.0,69.0
357,Gabriel Jesus,Manchester City,"
                03/04/1997 (24)
              ",2,175.0,73.0
358,Ferran Torres,Manchester City,"
                29/02/2000 (21)
              ",3,184.0,77.0
359,Riyad Mahrez,Manchester City,"
                21/02/1991 (30)
              ",59,179.0,67.0
360,David de Gea,Manchester United,"
                07/11/1990 (30)
              ",100,192.0,76.0
361,Dean Henderson,Manchester United,"
                12/03/1997 (24)
              ",0,188.0,85.0
362,Tom Heaton,Manchester United,"
                15/04/1986 (35)
              ",0,188.0,85.0
363,Lee Grant,Manchester United,"
                27/01/1983 (38)
              ",79,193.0,83.0
364,Matej Kovar,Manchester United,"
                17/05/2000 (21)
              ",49,184.0,77.0
365,Victor LindelÃ¶f,Manchester United,"
                17/07/1994 (27)
              ",27,187.0,80.0
366,Eric Bailly,Manchester United,"
                12/04/1994 (27)
              ",71,187.0,77.0
367,Phil Jones,Manchester United,"
                21/02/1992 (29)
              ",138,180.0,71.0
368,Harry Maguire,Manchester United,"
                05/03/1993 (28)
              ",151,194.0,100.0
369,Luke Shaw,Manchester United,"
                12/07/1995 (26)
              ",14,185.0,75.0
370,Alex Telles,Manchester United,"
                15/12/1992 (28)
              ",79,181.0,71.0
371,Aaron Wan-Bissaka,Manchester United,"
                26/11/1997 (23)
              ",4,183.0,72.0
372,Diogo Dalot,Manchester United,"
                18/03/1999 (22)
              ",41,183.0,76.0
373,Teden Mengi,Manchester United,"
                30/04/2002 (19)
              ",4,183.0,78.0
374,RaphaÃ«l Varane,Manchester United,"
                25/04/1993 (28)
              ",66,191.0,81.0
375,Paul Pogba,Manchester United,"
                15/03/1993 (28)
              ",28,191.0,84.0
376,Fred,Manchester United,"
                05/03/1993 (28)
              ",70,169.0,64.0
377,Bruno Fernandes,Manchester United,"
                08/09/1994 (27)
              ",29,179.0,69.0
378,Nemanja Matic,Manchester United,"
                01/08/1988 (33)
              ",165,194.0,85.0
379,Donny van de Beek,Manchester United,"
                18/04/1997 (24)
              ",84,184.0,76.0
380,Scott McTominay,Manchester United,"
                08/12/1996 (24)
              ",6,193.0,88.0
381,Hannibal Mejbri,Manchester United,"
                21/01/2003 (18)
              ",19,182.0,
382,Jesse Lingard,Manchester United,"
                15/12/1992 (28)
              ",130,175.0,62.0
383,Juan Mata,Manchester United,"
                28/04/1988 (33)
              ",120,170.0,63.0
384,Facundo Pellistri,Manchester United,"
                20/12/2001 (19)
              ",65,175.0,69.0
385,Edinson Cavani,Manchester United,"
                14/02/1987 (34)
              ",38,184.0,71.0
386,Anthony Martial,Manchester United,"
                05/12/1995 (25)
              ",30,181.0,76.0
387,Marcus Rashford,Manchester United,"
                31/10/1997 (23)
              ",2,180.0,70.0
388,Mason Greenwood,Manchester United,"
                01/10/2001 (20)
              ",3,181.0,70.0
389,Amad Diallo,Manchester United,"
                11/07/2002 (19)
              ",59,173.0,72.0
390,Anthony Elanga,Manchester United U21,"
                27/04/2002 (19)
              ",0,178.0,
391,Shola Shoretire,Manchester United,"
                02/02/2004 (17)
              ",35,170.0,
392,Jadon Sancho,Manchester United,"
                25/03/2000 (21)
              ",68,180.0,76.0
393,Cristiano Ronaldo,Manchester United,"
                05/02/1985 (36)
              ",92,187.0,83.0
394,Martin DÃºbravka,Newcastle United,"
                15/01/1989 (32)
              ",100,190.0,83.0
395,Karl Darlow,Newcastle United,"
                08/10/1990 (31)
              ",0,190.0,88.0
396,Mark Gillespie,Newcastle United,"
                27/03/1992 (29)
              ",0,192.0,83.0
397,Daniel Langley,Newcastle United,"
                28/12/2000 (20)
              ",79,,
398,Freddie Woodman,Newcastle United,"
                04/03/1997 (24)
              ",49,188.0,83.0
399,Ciaran Clark,Newcastle United,"
                26/09/1989 (32)
              ",27,185.0,88.0
400,Paul Dummett,Newcastle United,"
                26/09/1991 (30)
              ",71,183.0,82.0
401,Fabian SchÃ¤r,Newcastle United,"
                20/12/1991 (29)
              ",138,188.0,84.0
402,Jamaal Lascelles,Newcastle United,"
                11/11/1993 (27)
              ",151,188.0,89.0
403,Jamal Lewis,Newcastle United,"
                25/01/1998 (23)
              ",14,178.0,70.0
404,Emil Krafth,Newcastle United,"
                02/08/1994 (27)
              ",79,184.0,83.0
405,Federico FernÃ¡ndez,Newcastle United,"
                21/02/1989 (32)
              ",4,190.0,83.0
406,Javier Manquillo,Newcastle United,"
                05/05/1994 (27)
              ",41,178.0,76.0
407,Jonjo Shelvey,Newcastle United,"
                27/02/1992 (29)
              ",4,184.0,80.0
408,Matt Ritchie,Newcastle United,"
                10/09/1989 (32)
              ",66,172.0,76.0
409,Isaac Hayden,Newcastle United,"
                22/03/1995 (26)
              ",28,185.0,79.0
410,Jeff Hendrick,Newcastle United,"
                31/01/1992 (29)
              ",70,185.0,79.0
411,Ryan Fraser,Newcastle United,"
                24/02/1994 (27)
              ",29,163.0,70.0
412,Jacob Murphy,Newcastle United,"
                24/02/1995 (26)
              ",165,179.0,74.0
413,Miguel AlmirÃ³n,Newcastle United,"
                10/02/1994 (27)
              ",84,174.0,70.0
414,Sean Longstaff,Newcastle United,"
                30/10/1997 (23)
              ",6,180.0,65.0
415,Elliot Anderson,Newcastle United,"
                06/11/2002 (18)
              ",19,,
416,Joseph Willock,Newcastle United,"
                20/08/1999 (22)
              ",130,179.0,71.0
417,Joe White,Newcastle United,"
                01/10/2002 (19)
              ",120,186.0,
418,Joelinton,Newcastle United,"
                14/08/1996 (25)
              ",65,186.0,81.0
419,Allan Saint-Maximin,Newcastle United,"
                12/03/1997 (24)
              ",38,173.0,67.0
420,Dwight Gayle,Newcastle United,"
                17/10/1989 (31)
              ",30,174.0,78.0
421,Callum Wilson,Newcastle United,"
                27/02/1992 (29)
              ",2,180.0,66.0
422,Tim Krul,Norwich City,"
                03/04/1988 (33)
              ",100,188.0,84.0
423,Michael McGovern,Norwich City,"
                12/07/1984 (37)
              ",0,191.0,89.0
424,Angus Gunn,Norwich City,"
                22/01/1996 (25)
              ",0,196.0,77.0
425,Max Aarons,Norwich City,"
                04/01/2000 (21)
              ",79,178.0,69.0
426,Sam Byram,Norwich City,"
                16/09/1993 (28)
              ",49,180.0,72.0
427,Grant Hanley,Norwich City,"
                20/11/1991 (29)
              ",27,187.0,81.0
428,Christoph Zimmermann,Norwich City,"
                12/01/1993 (28)
              ",71,194.0,92.0
429,Bali Mumba,Norwich City,"
                01/10/2001 (20)
              ",138,,
430,Andrew Omobamidele,Norwich City,"
                23/06/2002 (19)
              ",151,188.0,
431,Ben Gibson,Norwich City,"
                15/01/1993 (28)
              ",14,185.0,78.0
432,Dimitris Giannoulis,Norwich City,"
                17/10/1995 (25)
              ",79,175.0,62.0
433,Brandon Williams,Norwich City  (Loan) ,"
                03/09/2000 (21)
              ",4,171.0,63.0
434,Ozan Kabak,Norwich City  (Loan) ,"
                25/03/2000 (21)
              ",41,186.0,86.0
435,Lukas Rupp,Norwich City,"
                08/01/1991 (30)
              ",4,178.0,73.0
436,Kieran Dowell,Norwich City,"
                10/10/1997 (24)
              ",66,175.0,70.0
437,Przemyslaw Placheta,Norwich City,"
                23/03/1998 (23)
              ",28,177.0,72.0
438,Todd Cantwell,Norwich City,"
                27/02/1998 (23)
              ",70,177.0,70.0
439,Jacob SÃ¸rensen,Norwich City,"
                03/03/1998 (23)
              ",29,,
440,Kenny McLean,Norwich City,"
                08/01/1992 (29)
              ",165,183.0,70.0
441,Milot Rashica,Norwich City,"
                28/06/1996 (25)
              ",84,177.0,73.0
442,Billy Gilmour,Norwich City  (Loan) ,"
                11/06/2001 (20)
              ",6,166.0,60.0
443,Pierre Lees-Melou,Norwich City,"
                25/05/1993 (28)
              ",19,185.0,69.0
444,Mathias Normann,Norwich City  (Loan) ,"
                28/05/1996 (25)
              ",130,179.0,75.0
445,Teemu Pukki,Norwich City,"
                29/03/1990 (31)
              ",120,180.0,75.0
446,Adam Idah,Norwich City,"
                11/02/2001 (20)
              ",65,190.0,83.0
447,Joshua Sargent,Norwich City,"
                20/02/2000 (21)
              ",38,185.0,79.0
448,Christos Tzolis,Norwich City,"
                30/01/2002 (19)
              ",30,,
449,Alex McCarthy,Southampton,"
                03/12/1989 (31)
              ",100,193.0,79.0
450,Harry Lewis,Southampton,"
                20/12/1997 (23)
              ",0,191.0,77.0
451,Fraser Forster,Southampton,"
                17/03/1988 (33)
              ",0,201.0,93.0
452,Kyle Walker-Peters,Southampton,"
                13/04/1997 (24)
              ",79,173.0,62.0
453,Jack Stephens,Southampton,"
                27/01/1994 (27)
              ",49,185.0,75.0
454,Mohammed Salisu,Southampton,"
                17/04/1999 (22)
              ",27,191.0,82.0
455,Jan Bednarek,Lech Poznan,"
                12/04/1996 (25)
              ",71,189.0,77.0
456,Yan Valery,Southampton,"
                22/02/1999 (22)
              ",138,180.0,85.0
457,Romain Perraud,Southampton,"
                22/09/1997 (24)
              ",151,173.0,68.0
458,Valentino Livramento,Southampton,"
                12/11/2002 (18)
              ",14,,
459,Thierry Small,Southampton,"
                01/08/2004 (17)
              ",79,,
460,Lyanco,Southampton,"
                01/02/1997 (24)
              ",4,187.0,85.0
461,Oriol Romeu,Southampton,"
                24/09/1991 (30)
              ",41,183.0,83.0
462,James Ward-Prowse,Southampton,"
                01/11/1994 (26)
              ",4,173.0,66.0
463,Nathan Redmond,Southampton,"
                06/03/1994 (27)
              ",66,173.0,69.0
464,Moussa Djenepo,Southampton,"
                15/06/1998 (23)
              ",28,177.0,65.0
465,Stuart Armstrong,Southampton,"
                30/03/1992 (29)
              ",70,183.0,75.0
466,William Smallbone,Southampton,"
                21/02/2000 (21)
              ",29,,
467,Nathan Tella,Southampton,"
                05/07/1999 (22)
              ",165,,
468,Ibrahima Diallo,Southampton,"
                08/03/1999 (22)
              ",84,179.0,68.0
469,Mohamed Elyounoussi,Southampton,"
                04/08/1994 (27)
              ",6,178.0,70.0
470,Che Adams,Southampton,"
                13/07/1996 (25)
              ",19,175.0,70.0
471,Shane Long,Southampton,"
                22/01/1987 (34)
              ",130,178.0,81.0
472,Theo Walcott,Southampton,"
                16/03/1989 (32)
              ",120,176.0,68.0
473,Armando Broja,Southampton  (Loan) ,"
                10/09/2001 (20)
              ",65,191.0,
474,Adam Armstrong,Southampton,"
                10/02/1997 (24)
              ",38,172.0,69.0
475,Hugo Lloris,Tottenham Hotspur,"
                26/12/1986 (34)
              ",100,188.0,82.0
476,Pierluigi Gollini,Tottenham Hotspur  (Loan) ,"
                18/03/1995 (26)
              ",0,194.0,94.0
477,Brandon Austin,Tottenham Hotspur,"
                07/01/1999 (22)
              ",0,188.0,82.0
478,Matt Doherty,Tottenham Hotspur,"
                16/01/1992 (29)
              ",79,182.0,80.0
479,Sergio ReguilÃ³n,Tottenham Hotspur,"
                16/12/1996 (24)
              ",49,178.0,68.0
480,Davinson SÃ¡nchez,Tottenham Hotspur,"
                12/06/1996 (25)
              ",27,187.0,81.0
481,Joe Rodon,Tottenham Hotspur,"
                22/10/1997 (23)
              ",71,180.0,70.0
482,Japhet Tanganga,Tottenham Hotspur U21,"
                31/03/1999 (22)
              ",138,184.0,76.0
483,Ben Davies,Tottenham Hotspur,"
                24/04/1993 (28)
              ",151,181.0,76.0
484,Eric Dier,Tottenham Hotspur,"
                15/01/1994 (27)
              ",14,188.0,88.0
485,Cristian Romero,Tottenham Hotspur,"
                27/04/1998 (23)
              ",79,185.0,79.0
486,Maksim Paskotsi,Tottenham Hotspur,"
                19/01/2003 (18)
              ",4,,
487,Kallum Cesay,Tottenham Hotspur,"
                04/09/2002 (19)
              ",41,,
488,Brooklyn Lyons-Foster,Tottenham Hotspur,"
                01/12/2000 (20)
              ",4,,
489,Emerson Royal,Tottenham Hotspur,"
                14/01/1999 (22)
              ",66,181.0,79.0
490,Tobi Omole,Tottenham Hotspur,"
                17/12/1999 (21)
              ",28,,
491,Malachi Fagan-Walcott,Tottenham Hotspur,"
                11/03/2002 (19)
              ",70,,
492,Pierre-Emile HÃ¸jbjerg,Tottenham Hotspur,"
                05/08/1995 (26)
              ",29,187.0,84.0
493,Harry Winks,Tottenham Hotspur,"
                02/02/1996 (25)
              ",165,178.0,65.0
494,Giovani Lo Celso,Tottenham Hotspur,"
                09/04/1996 (25)
              ",84,177.0,68.0
495,Dele Alli,Tottenham Hotspur,"
                11/04/1996 (25)
              ",6,188.0,76.0
496,Tanguy Ndombele,Tottenham Hotspur,"
                28/12/1996 (24)
              ",19,181.0,76.0
497,Ryan Sessegnon,Tottenham Hotspur,"
                18/05/2000 (21)
              ",130,178.0,70.0
498,Oliver Skipp,Norwich City  (Loan) ,"
                16/09/2000 (21)
              ",120,175.0,70.0
499,Harvey White,Tottenham Hotspur,"
                19/09/2001 (20)
              ",65,,
500,Nile John,Tottenham Hotspur,"
                06/03/2003 (18)
              ",38,,
501,Matthew Craig,Tottenham Hotspur,"
                16/04/2003 (18)
              ",30,,
502,Romaine Mundle,Tottenham Hotspur,"
                24/04/2003 (18)
              ",2,,
503,Son Heung-Min,Tottenham Hotspur,"
                08/07/1992 (29)
              ",3,183.0,78.0
504,Harry Kane,Tottenham Hotspur,"
                28/07/1993 (28)
              ",59,188.0,86.0
505,Steven Bergwijn,Tottenham Hotspur,"
                08/10/1997 (24)
              ",0,178.0,78.0
506,Lucas Moura,Tottenham Hotspur,"
                13/08/1992 (29)
              ",35,172.0,72.0
507,Jack Clarke,Tottenham Hotspur,"
                23/11/2000 (20)
              ",68,181.0,74.0
508,Bryan Gil,Tottenham Hotspur,"
                11/02/2001 (20)
              ",92,175.0,60.0
509,Dane Scarlett,Tottenham Hotspur,"
                24/03/2004 (17)
              ",115,180.0,76.0
510,Dilan Markanday,Tottenham Hotspur U21,"
                20/08/2001 (20)
              ",28,,
511,Ben Foster,Watford,"
                03/04/1983 (38)
              ",100,193.0,79.0
512,Daniel Bachmann,Watford,"
                09/07/1994 (27)
              ",0,191.0,81.0
513,Robert Elliot,Watford,"
                30/04/1986 (35)
              ",0,190.0,94.0
514,Jeremy Ngakia,Watford,"
                07/09/2000 (21)
              ",79,,
515,William Troost-Ekong,Watford,"
                01/09/1993 (28)
              ",49,191.0,82.0
516,Adam Masina,Watford,"
                02/01/1994 (27)
              ",27,189.0,78.0
517,Craig Cathcart,Watford,"
                06/02/1989 (32)
              ",71,188.0,73.0
518,Kiko FemenÃ­a,Watford,"
                02/02/1991 (30)
              ",138,176.0,61.0
519,Christian Kabasele,Watford,"
                24/02/1991 (30)
              ",151,187.0,84.0
520,Francisco Sierralta,Watford,"
                06/05/1997 (24)
              ",14,190.0,83.0
521,Danny Rose,Watford,"
                02/07/1990 (31)
              ",79,173.0,72.0
522,James Morris,Watford,"
                23/11/2001 (19)
              ",4,,
523,Nicolas Nkoulou,Watford,"
                27/03/1990 (31)
              ",41,184.0,77.0
524,Tom Cleverley,Watford,"
                12/08/1989 (32)
              ",4,175.0,67.0
525,Ken Sema,Watford,"
                30/09/1993 (28)
              ",66,180.0,69.0
526,Dan Gosling,Watford,"
                01/02/1990 (31)
              ",28,183.0,79.0
527,Daniel Phillips,Watford,,70,,
528,Imran Louza,Watford,"
                01/05/1999 (22)
              ",29,178.0,65.0
529,Ignacio Pussetto,Watford,"
                21/12/1995 (25)
              ",165,180.0,74.0
530,Peter Etebo,Watford  (Loan) ,"
                09/11/1995 (25)
              ",84,172.0,70.0
531,Kwadwo Baah,Watford,"
                27/01/2003 (18)
              ",6,,
532,Juraj Kucka,Watford,"
                26/02/1987 (34)
              ",19,186.0,86.0
533,Ozan Tufan,Watford  (Loan) ,"
                23/03/1995 (26)
              ",130,179.0,70.0
534,Moussa Sissoko,Watford,"
                16/08/1989 (32)
              ",120,187.0,83.0
535,JoÃ£o Pedro,Watford,"
                26/09/2001 (20)
              ",65,182.0,70.0
536,Ismaila Sarr,Watford,"
                25/02/1998 (23)
              ",38,185.0,76.0
537,Emmanuel Dennis,Watford,"
                15/11/1997 (23)
              ",30,175.0,67.0
538,Ashley Fletcher,Watford,"
                02/10/1995 (26)
              ",2,185.0,78.0
539,Joshua King,Watford,"
                15/01/1992 (29)
              ",3,180.0,74.0
540,Cucho HernÃ¡ndez,Watford,"
                20/04/1999 (22)
              ",59,176.0,73.0
541,Lukasz Fabianski,West Ham United,"
                18/04/1985 (36)
              ",100,190.0,83.0
542,David Martin,West Ham United,"
                22/01/1986 (35)
              ",0,185.0,85.0
543,Darren Randolph,West Ham United,"
                12/05/1987 (34)
              ",0,188.0,98.0
544,Alphonse Areola,West Ham United  (Loan) ,"
                27/02/1993 (28)
              ",79,195.0,94.0
545,Aaron Cresswell,West Ham United,"
                15/12/1989 (31)
              ",49,170.0,66.0
546,Vladimir Coufal,West Ham United,"
                22/08/1992 (29)
              ",27,179.0,76.0
547,Angelo Ogbonna,West Ham United,"
                23/05/1988 (33)
              ",71,191.0,86.0
548,Issa Diop,West Ham United,"
                09/01/1997 (24)
              ",138,194.0,92.0
549,Ryan Fredericks,West Ham United,"
                10/10/1992 (29)
              ",151,181.0,74.0
550,Arthur Masuaku,West Ham United,"
                07/11/1993 (27)
              ",14,179.0,70.0
551,Craig Dawson,West Ham United,"
                06/05/1990 (31)
              ",79,188.0,82.0
552,Winston Reid,Brentford  (Loan) ,"
                03/07/1988 (33)
              ",4,190.0,87.0
553,Jamal Baptiste,West Ham United,"
                11/11/2003 (17)
              ",41,,
554,Kurt Zouma,West Ham United,"
                27/10/1994 (26)
              ",4,190.0,96.0
555,Ajibola Alese,West Ham United,"
                17/01/2001 (20)
              ",66,,
556,Ben Johnson,West Ham United,"
                24/01/2000 (21)
              ",28,175.0,67.0
557,Manuel Lanzini,West Ham United,"
                15/02/1993 (28)
              ",70,167.0,59.0
558,Mark Noble,West Ham United,"
                08/05/1987 (34)
              ",29,180.0,70.0
559,Pablo Fornals,West Ham United,"
                22/02/1996 (25)
              ",165,178.0,67.0
560,Tomas Soucek,West Ham United,"
                27/02/1995 (26)
              ",84,192.0,86.0
561,Declan Rice,West Ham United,"
                14/01/1999 (22)
              ",6,185.0,76.0
562,Nikola Vlasic,West Ham United,"
                04/10/1997 (24)
              ",19,178.0,72.0
563,Alex KrÃ¡l,West Ham United  (Loan) ,"
                19/05/1998 (23)
              ",130,185.0,72.0
564,Andriy Yarmolenko,West Ham United,"
                23/10/1989 (31)
              ",120,189.0,81.0
565,SaÃ¯d Benrahma,West Ham United,"
                10/08/1995 (26)
              ",65,172.0,67.0
566,Jarrod Bowen,West Ham United,"
                20/12/1996 (24)
              ",38,175.0,70.0
567,Michail Antonio,West Ham United,"
                28/03/1990 (31)
              ",30,180.0,82.0
568,John Ruddy,Wolverhampton Wanderers,"
                24/10/1986 (34)
              ",100,193.0,97.0
569,JosÃ© SÃ¡,Wolverhampton Wanderers,"
                17/01/1993 (28)
              ",0,192.0,84.0
570,Louie Moulden,Wolverhampton Wanderers U21,"
                06/01/2002 (19)
              ",0,,
571,Ki-Jana Hoever,Wolverhampton Wanderers,"
                18/01/2002 (19)
              ",79,180.0,65.0
572,MarÃ§al,Wolverhampton Wanderers,"
                19/02/1989 (32)
              ",49,178.0,74.0
573,Willy Boly,Wolverhampton Wanderers,"
                03/02/1991 (30)
              ",27,195.0,92.0
574,Conor Coady,Wolverhampton Wanderers,"
                25/02/1993 (28)
              ",71,185.0,73.0
575,Jonny,Wolverhampton Wanderers,"
                03/03/1994 (27)
              ",138,175.0,70.0
576,NÃ©lson Semedo,Wolverhampton Wanderers,"
                16/11/1993 (27)
              ",151,177.0,67.0
577,Maximilian Kilman,Wolverhampton Wanderers,"
                23/05/1997 (24)
              ",14,,
578,Yerson Mosquera,Wolverhampton Wanderers,"
                02/05/2001 (20)
              ",79,187.0,76.0
579,Rayan AÃ¯t-Nouri,Wolverhampton Wanderers,"
                06/06/2001 (20)
              ",4,179.0,70.0
580,RÃºben Neves,Wolverhampton Wanderers,"
                13/03/1997 (24)
              ",41,180.0,80.0
581,Daniel Podence,Wolverhampton Wanderers,"
                21/10/1995 (25)
              ",4,165.0,58.0
582,Romain SaÃ¯ss,Wolverhampton Wanderers,"
                26/03/1990 (31)
              ",66,190.0,80.0
583,JoÃ£o Moutinho,Wolverhampton Wanderers,"
                08/09/1986 (35)
              ",28,170.0,61.0
584,Leander Dendoncker,Wolverhampton Wanderers,"
                15/04/1995 (26)
              ",70,188.0,83.0
585,Luke Cundle,Wolverhampton Wanderers,"
                26/04/2002 (19)
              ",29,,
586,Pedro Neto,Wolverhampton Wanderers,"
                09/03/2000 (21)
              ",165,172.0,69.0
587,RaÃºl JimÃ©nez,Wolverhampton Wanderers,"
                05/05/1991 (30)
              ",84,190.0,76.0
588,FÃ¡bio Silva,Wolverhampton Wanderers,"
                19/07/2002 (19)
              ",6,185.0,75.0
589,Adama TraorÃ©,Wolverhampton Wanderers,"
                25/01/1996 (25)
              ",19,178.0,72.0
590,TrincÃ£o,Wolverhampton Wanderers  (Loan) ,"
                29/12/1999 (21)
              ",130,184.0,70.0
591,Chem Campbell,Wolverhampton Wanderers,"
                30/12/2002 (18)
              ",120,,
592,Hwang Hee-Chan,Wolverhampton Wanderers  (Loan) ,"
                26/01/1996 (25)
              ",65,177.0,77.0
